{"slam_poses": [], "final_poses": [], "default": {"slam_poses": [[[0.9983061921511186, 0.012934829069056911, -0.05672245507458273, -0.042986106127500534], [-0.012837526633388125, 0.9999154332726923, 0.002079474217448713, 0.041154514998197556], [0.05674455588574843, -0.0013477759599665347, 0.9983878198762698, 0.36197492480278015], [0.0, 0.0, 0.0, 1.0]], [[0.9933155583807871, 0.025525715095502572, -0.11257281797809088, -0.20583048462867737], [-0.02537184425314033, 0.9996741630092476, 0.002799523344187208, 0.04938230291008949], [0.1126075974251273, 7.536991104587182e-05, 0.9936395338962298, 0.33778706192970276], [0.0, 0.0, 0.0, 1.0]]], "final_poses": [[[1.0, 0.0, 0.0, 0.0], [0.0, 1.0, 0.0, 0.0], [0.0, 0.0, 1.0, 0.0], [0.0, 0.0, 0.0, 1.0]], [[1.0, 0.0, 0.0, 0.0], [0.0, 1.0, 0.0, 1.0], [0.0, 0.0, 1.0, 0.0], [0.0, 0.0, 0.0, 1.0]]], "pose_correction_matrix": [[0.9983061921511188, -0.012837526633388127, 0.05674455588574843, 0.022901511756211516], [0.012934829069056915, 0.9999154332726925, -0.0013477759599665354, -0.04010715565868679], [-0.056722455074582734, 0.0020794742174487135, 0.9983878198762698, -0.3639152132502431], [0.0, 0.0, 0.0, 1.0]], "scale_factor_matrix": [[1.0, 1.0, 1.0, 6.066620978732543], [1.0, 1.0, 1.0, 6.066620978732543], [1.0, 1.0, 1.0, 6.066620978732543], [1.0, 1.0, 1.0, 1.0]]}}