{"demo3": {"origin_slam_pose": [[0.9986003047885296, -0.027526648273164315, -0.04516320306512201, -0.12277244031429291], [0.02853155653687477, 0.9993560443326371, 0.021758835846784844, 0.05943111330270767], [0.044535172143364006, -0.02301695659008181, 0.9987426285843071, -0.03975478559732437], [0.0, 0.0, 0.0, 1.0]], "odom_origin_rotation": [-0.01446533203125, -0.00103759765625, -0.9998779296875, -0.00250244140625], "scale_slam_pose": [[0.9972578404570674, -0.02635920260551057, -0.06915194924879525, -0.12633487582206726], [0.027837455370791665, 0.9994022165327723, 0.02050086992937071, 0.04149096831679344], [0.06857022477275024, -0.022369667574272056, 0.9973954693336194, 0.027497675269842148], [0.0, 0.0, 0.0, 1.0]], "scale_2_slam_pose": [[0.9848478605057341, 0.008528955198906247, -0.1732107057329114, -0.18705642223358154], [-0.0036054370400312548, 0.9995809995430579, 0.02871978719022418, 0.057514939457178116], [0.17338308014632955, -0.027660120674292882, 0.9844659594131506, -0.06836682558059692], [0.0, 0.0, 0.0, 1.0]], "rotation": [-0.5250004984406837, 0.5903820373724296, -0.5118678068485776, 0.33736460231778903], "scale_factor": 14.34817218307915, "ref_origin_coord": [0.0, 0.0, 0.0], "ref_scale_coord": [1.0, 0.0, 0.0]}, "demo4": {"origin_slam_pose": [[0.9968559776532271, -0.009224607079632439, 0.07869603828182935, -0.00024073013628367335], [0.008664920961310905, 0.9999347023096365, 0.007450520899417222, 0.00165538617875427], [-0.0787596277401245, -0.006745201343534008, 0.9968708157515056, -0.0007559686782769859], [0.0, 0.0, 0.0, 1.0]], "odom_origin_rotation": [-0.0146484375, -0.00225830078125, -0.9996337890625, 0.02105712890625], "scale_slam_pose": [[0.9983480096100666, -0.00448397234890747, 0.05728128577111851, -9.133466664934531e-05], [0.003983180155032741, 0.9999528705227725, 0.008853869725725027, 0.0011085043661296368], [-0.05731828664109618, -0.00861108153728613, 0.9983188184599584, 0.0012452432420104742], [0.0, 0.0, 0.0, 1.0]], "scale_2_slam_pose": [[0.9986175554412486, -0.0028471707598260922, 0.05248687057930947, -0.0023432194720953703], [0.0025608854973505693, 0.999981480797585, 0.005520862916135417, 0.0016922804061323404], [-0.05250161740379291, -0.005378817763569523, 0.9986063531189114, -0.000491871265694499], [0.0, 0.0, 0.0, 1.0]], "rotation": [0.5767671547192972, -0.5452156783901615, 0.3946599078525996, -0.4629503973519623], "scale_factor": 480.7776835013216, "ref_origin_coord": [0.0, 0.0, 0.0], "ref_scale_coord": [1.0, 0.0, 0.0]}, "demo5": {"origin_slam_pose": [[0.9948599041325658, 0.001322557976231206, 0.10125226905971803, 0.0015390312764793634], [-0.001267321968796504, 0.9999990109875525, -0.0006098515756372926, 8.826178236631677e-05], [-0.10125297548402927, 0.00047839765510373594, 0.9948605963105154, -0.007702575530856848], [0.0, 0.0, 0.0, 1.0]], "odom_origin_rotation": [-0.014892578125, -0.00079345703125, -0.99981689453125, -0.00732421875], "scale_slam_pose": [[0.996846883598367, 0.0018938645050654047, 0.07932656514346313, 0.0025169863365590572], [-0.0018240520652771613, 0.9999978827707526, -0.0009525167059827903, -3.4008539842034224e-06], [-0.07932820112851925, 0.0008048175249530493, 0.9968482275524518, 0.0035488298162817955], [0.0, 0.0, 0.0, 1.0]], "scale_2_slam_pose": [[0.9960107426545071, -0.0070780982997993985, -0.0889522402262905, -0.011768889613449574], [0.007165136913032296, 0.999974112792048, 0.000659210720545533, 1.7311866031377576e-05], [0.08894527154286966, -0.0012939359392786795, 0.9960356742606914, -0.00854142103344202], [0.0, 0.0, 0.0, 1.0]], "rotation": [0.5050430075599182, -0.49925957678563604, 0.49788998619514746, -0.4977720333137005], "scale_factor": 88.54103258295578, "ref_origin_coord": [0.0, 0.0, 0.0], "ref_scale_coord": [1.0, 0.0, 0.0]}, "demo99_1": {"origin_slam_pose": [[0.9999749121132945, 0.0036491271487316406, -0.006071162579068448, 0.011597099713981152], [-0.003647891087691857, 0.9999933233842904, 0.0002146565969013853, 0.0140965785831213], [0.006071905353464403, -0.00019250427175688956, 0.9999815472834906, 0.03474815934896469], [0.0, 0.0, 0.0, 1.0]], "odom_origin_rotation": [-0.0013427734375, 0.00537109375, -0.020263671875, -0.999755859375], "scale_slam_pose": [[0.9998270644172587, -0.003854531087299527, 0.01819296151988572, 0.02631303295493126], [0.003888523033904518, 0.9999907589610477, -0.0018334069713488456, -0.023309238255023956], [-0.01818572647385292, 0.0019038336599708676, 0.9998328134093286, 0.16871872544288635], [0.0, 0.0, 0.0, 1.0]], "scale_2_slam_pose": [[0.9999811457033261, 0.002299188169393247, -0.005694029471741729, -0.1298423707485199], [-0.0023089952319692007, 0.9999958613042707, -0.001716366903893026, 0.01760067418217659], [0.005690059655406502, 0.0017294820299031625, 0.9999823159001494, 0.030757971107959747], [0.0, 0.0, 0.0, 1.0]], "rotation": [0.5692858061516634, -0.5563499183514172, 0.41566777236734426, -0.4400099342967061], "scale_factor": 7.149450370528712, "ref_origin_coord": [0.0, 0.0, 0.0], "ref_scale_coord": [1.0, 0.0, 0.0]}, "demo99_2": {"origin_slam_pose": [[0.8899568953964068, -0.2907488850663843, 0.3513428669676439, 0.02602228708565235], [0.30436427237191854, 0.9524006586776961, 0.017186478807572556, -0.0017194123938679695], [-0.33961612747321296, 0.0916409907352873, 0.936089106216472, 0.06644254177808762], [0.0, 0.0, 0.0, 1.0]], "odom_origin_rotation": [-0.00286865234375, 0.006103515625, -0.00469970703125, -0.99993896484375], "scale_slam_pose": [[0.921560600772193, -0.2707566055337824, 0.27823896144181215, 0.029543323442339897], [0.2830798099823802, 0.9590867219581397, -0.004298946839557546, -0.004027559421956539], [-0.2656913251966161, 0.08272557236679337, 0.960502264126354, 0.0738634318113327], [0.0, 0.0, 0.0, 1.0]], "scale_2_slam_pose": [[0.8998918904396084, -0.28597668577605323, 0.3292596554599004, 0.01757778599858284], [0.29908506798709195, 0.9541594524438093, 0.011307582380267252, -0.004625414498150349], [-0.3173999174987044, 0.08830104475415049, 0.9441717099485353, 0.06936173141002655], [0.0, 0.0, 0.0, 1.0]], "rotation": [0.7223367227274787, -0.40453695457185357, 0.36604449946288475, -0.42495992257861426], "scale_factor": 117.20595460142282, "ref_origin_coord": [0.0, 0.0, 0.0], "ref_scale_coord": [1.0, 0.0, 0.0]}, "test": {"origin_slam_pose": [[0.9999213665462572, 0.0010149975180131715, -0.012499220147829154, 0.001495447475463152], [-0.0013114870341358314, 0.9997174169478108, -0.023735337641505372, -1.6339939975296147e-05], [0.012471596771254465, 0.02374986381509156, 0.9996401368706339, 0.010623336769640446], [0.0, 0.0, 0.0, 1.0]], "odom_origin_rotation": [0.00604248046875, 0.002685546875, 0.9989013671875, -0.04571533203125], "scale_slam_pose": [[0.9981053483685907, -0.004891520918512953, -0.061333405099651704, 0.003489675698801875], [0.003427238884784918, 0.9997071236173344, -0.023956648813687337, -0.0009752863552421331], [0.06143262644263917, 0.02370105507903559, 0.997829791295339, 0.06695109605789185], [0.0, 0.0, 0.0, 1.0]], "scale_2_slam_pose": [[0.9974122881446799, -0.006062740146311393, -0.07163777383414785, -0.0608069933950901], [0.004421314272356389, 0.999724554077335, -0.023049250638119575, 0.0001370766549371183], [0.07175778311862255, 0.022672872707094307, 0.9971643602762328, 0.009315959177911282], [0.0, 0.0, 0.0, 1.0]], "rotation": [0.5051504791067796, -0.5032858675564386, 0.49378013023003614, -0.4977022322294351], "scale_factor": 17.739552713059233, "ref_origin_coord": [0.0, 0.0, 0.0], "ref_scale_coord": [1.0, 0.0, 0.0]}, "demo99": {"origin_slam_pose": [[0.9853056142862954, 0.0064663412212169445, 0.17067815585808543, -0.014615844935178757], [-0.002954921555851583, 0.9997788868180836, -0.020819363856570933, 0.100571408867836], [-0.17077504177866532, 0.020009095531890467, 0.9851068577578226, 0.03247011825442314], [0.0, 0.0, 0.0, 1.0]], "odom_origin_rotation": [-0.0030517578125, 0.0079345703125, -0.35577392578125, -0.93450927734375],